INSERT INTO projects(id, title, category, funding_goal, start_date, end_date) VALUES
(1, "Project1", "Sports", 10000, "27/06/19", "27/07/20"),
(2, "Project2", "Climbing", 10000, "27/07/19", "27/07/20"),
(3, "Project3", "Lifestyle", 10000, "27/09/18", "27/07/20"), 
(4, "Project4", "Lifestyle", 10000, "13/07/19", "27/07/20"), 
(5, "Project5", "Sports", 10000, "24/07/19", "27/07/20"), 
(6, "Project6", "Card Game", 10000, "25/07/19", "27/07/20"), 
(7, "Project7", "Sports", 10000, "06/07/19", "27/07/20"), 
(8, "Project8", "Movie", 10000, "09/07/19", "27/07/20"), 
(9, "Project9", "Mobile App", 10000, "07/07/19", "27/07/20"), 
(10, "Project10", "Sports", 10000, "27/07/19", "27/07/20");

INSERT INTO users(id, name, age) VALUES
(1, "Bob", 14),
(2, "James", 2),
(3, "Charles", 25),
(4, "Louis", 35),
(5, "Tzar", 34),
(6, "Robby", 55),
(7, "Paul", 43),
(8, "Patrick", 23),
(9, "Mattis", 45),
(10, "dfgs", 78),
(11, "sdgf", 12),
(12, "asddqw", 43),
(13, "yuiiuy", 87),
(14, "bnmbn", 56),
(15, "kjlj", 45),
(16, "oipu", 4),
(17, "qwe", 56),
(18, "ert", 12),
(19, "ti", 43),
(20, "er", 65);


INSERT INTO pledges (id, amount, user_id, project_id) VALUES
( 1, 4235, 1, 1),
( 2, 4, 2, 2),
( 3, 45, 2, 3),
( 4, 324, 3, 4),
( 5, 23, 4, 5),
( 6, 34, 5, 6),
( 7, 65, 5, 7),
( 8, 987, 5, 8),
( 9, 432, 10, 9),
( 10, 234, 6, 10),
( 11, 43, 7, 1),
( 12, 54, 8, 2),
( 13, 56, 9, 3),
( 14, 87, 11, 4),
( 15, 98, 2, 5),
( 16, 65, 13, 6),
( 17, 87, 14, 7),
( 18, 98, 15, 8),
( 19, 76, 20, 9),
( 20, 98, 19, 10),
( 21, 90, 18, 1),
( 22, 54, 17, 2),
( 23, 76, 16, 3),
( 24, 87, 13, 4),
( 25, 89, 12, 5),
( 26, 45, 8, 5),
( 27, 354, 12, 6),
( 28, 4567, 13, 7),
( 29, 8576, 15, 6),
( 30, 867, 18, 9);