INSERT INTO users (id, name, age)
VALUES 
(1, "Mike", 32),
(2, "Mitch", 30),
(3, "Norman", 21),
(4, "John", 25),
(5, "Steve", 21),
(6, "Michael", 27),
(7, "Eva", 32),
(8, "Julie", 42),
(9, "Monika", 22),
(10, "Tim", 24),
(11, "Pete", 25),
(12, "Roberta", 26),
(13, "Nina", 12),
(14, "Tina",17),
(15, "Emanuel", 52),
(16, "Pete", 41),
(17, "John", 67),
(18, "Eva", 19),
(19, "Julia", 11),
(20, "Jules", 22)
;

INSERT INTO projects (id, title, category, funding_goal, start_date, end_date)
VALUES 
(1, 'Help me buy a guitar',             'music',        200.00,     '2013-06-30', '2013-07-30'),
(2, 'Can you help me buy a car',        'automotive',   3000.00,    '2014-04-12', '2015-04-30'),
(3, 'We need to buy a dog',             'dog food',     50.00,      '2016-07-03', '2016-08-01'),
(4, 'He wants to buy a house',          'real estate',  800000.00,  '2017-08-23', '2017-09-30'),
(5, 'Can you buy a boat',               'boats',        5000.00,    '2018-02-21', '2018-05-15'),
(6, 'We want to buy a ticket',          'travel',       500.00,     '2018-02-13', '2018-04-30'),
(7, 'He really needs me to buy a drum', 'music',        520.00,     '2019-01-01', '2019-03-15'),
(8, 'One more backpack',                'travel',       100.00,     '2013-04-09', '2013-06-01'),
(9, 'Help me buy a house',              'estate',        500000.00,  '2014-02-30', '2014-07-30'),
(10, 'Can you buy a second drum',       'music',        520.00,    '2019-04-01', '2019-07-15')
;

INSERT INTO pledges (id, amount, user_id, project_id)
VALUES
(1, 10.00, 1, 2),
(2, 20.00, 1, 3),
(3, 40.00, 1, 4),
(4, 50.00, 2, 3),
(5, 10.00, 3, 2),
(6, 20.00, 4, 4),
(7, 40.00, 5, 10),
(8, 60.00, 6, 10),
(9, 50.00, 7, 9),
(10, 700.00, 8, 8),
(11, 1000.00, 8, 7),
(12, 40.00, 9, 6),
(13, 50.00, 9, 3),
(14, 50.00, 10, 4),
(15, 24.00, 12, 1),
(16, 34.00, 11, 1),
(17, 12.00, 13, 6),
(18, 19.00, 14, 5),
(19, 20.00, 15, 5),
(20, 40.00, 16, 6),
(21, 35.50, 17, 7),
(22, 40.00, 18, 8),
(23, 60.00, 19, 9),
(24, 70.00, 20, 10),
(25, 100.00, 20, 4),
(26, 40.00, 19, 1),
(27, 20.00, 18, 6),
(28, 90.00, 17, 9),
(29, 230.00, 16, 6),
(30, 450.00, 15, 5);
